"Età","Sesso","Biografia","Sentiment","Interessi","Orientamento","Cluster"
21,"DONNA","RIDERE FORTE IN POSTI SERI È IL MIO SPORT. ODIO LE CONVERSAZIONI VUOTE, TRASFORMO UN CAFFÈ IN UNA CONVERSAZIONE DI TRE ORE. PROBABILMENTE MAI SENZA SARCASMO, MUSICA E AUTOIRINIA. IL RESTO... BOH, TI SFIDO A SCOPRIRLO","IRONICO,DIVERTENTE","CINEMA, SPORT, ANIMALI","ETERO","cluster_4"
22,"DONNA","VOGLIO SENTIRE LE PICK UP LINE MIGLIORI CHE HAI","DIVERTENTE, PROVOCATORIO","USCIRE CON AMICI, SPORT","ETERO","cluster_1"
26,"DONNA","MI FANNO MOLTO SORRIDERE LE BIO BUFFE E LE PERSONE ALLA MANO. PARLO CONSTANTEMENTE E MI PIACE RIDERE DI GUSTO. STATE TRANQUILLI, NON MANGIO LA CARBONARA (SONO CELIACAC)","SIMPATICO","CUCINA, NATURA","ETERO","cluster_4"
22,"DONNA","MI ANNOIO SUBITO, SÌ INTERESSANTE O NIENTE","PRETENZIOSA","FILM","ETERO","cluster_1"
31,"DONNA","MI PIACE GIOCARE CON LE PAROLE, MA ANCOR DI PIÙ CON LE EMOZIONI. SE SEI CAPACE DI AFFASCINARMI CON UNO SQUARDO. POTRESTI SCOPRIRE UN LATO DI ME CHE NON SVELEREI FACILMENTE. NON CERCO CONVERSAZIONI SUPERFICIALI, MA QUALCOSA CHE VADA OLTRE, CHE ACCENDA LA MENTE E DESIDERIO. SE TI PIACE L'INTENSITÀ, L'ARTE E LA SEDUZIONE SOTTILE E UNA COMPLICITÀ CHE CRESCE LENTAMENTE, FORSE SIAMO DESTINATI A CONOSCERCI MEGLIO.","PRETENZIOSA ","CULTURA, ARTE, FILM","ETERO","cluster_4"
28,"DONNA","NON SO BENE COSA SCRIVERE, SONO DOLCE, CON ME PUOI PARLARE DI TUTTO. SE MI REGALI I GIRASOLI POTREI INNAMORARMI","SIMPATICA E DOLCE","BOWLING E SPORT","BISEX","cluster_1"
21,"DONNA","BEH, NON SO ESATTAMENTE COSA SCRIVERE. SONO UNA RAGAZZA ABBASTANZA TRANQUILLA, A CUI PIACE GIOCARE AI VIDEOGIOCHI E GIRARE IN MACCHINA O IN MOTO DI NOTTE, MI PIACE ANDARE A TEATRO E ADORO LA NATURA E DA QUEL CHE DICONO CREDO DI ESSERE SIMPATICA","SIMPATICA, DESCRITTIVA","VIDEOGIOCHI, MOTO, AUTO","ETERO","cluster_4"
22,"DONNA","TRA UNA CANZONE ANNI 70/80, QUALCHE INCHIESTA GIORNALISTICA E UN DOCUMENTARIO CRIME FINISCO SEMPRE PER FARMI TROPPE DOMANDE ESISTENZIALI. APPREZZO LE PERSONE, LE CONVERSAZIONI VERE E CHI SA ANDARE OLTRE LA SUPERFICIE. BONUS SE SAI CONSIGLIARMI QUALCOSA DI INTERESSANTE DA LEGGERE O VEDERE","SIMPATICA, DESCRITTIVA","MUSICA, FILM, TEATRO","ETERO","cluster_0"
25,"DONNA","SONO ANTIPATICA MA FORSE NON TROPPO, SFIDA LA SORTE PER SCOPRIRLO.SONO SCHIETTA E SINCERA MA CERCHERÒ DI NON FERIRE IL VOSTRO ANIMO","IRONICA","VIAGGI, MUSICA","ETERO","cluster_1"
21,"DONNA","QUALCUNO CON CUI ANDARE A VEDERE L'OPERA DEI PUPI","DIVERTENTE, SICILIANA","TEATRO, MUSICA, LIBRI","ETERO","cluster_0"
22,"DONNA","RIESCI AD ATTIRARE LA MIA ATTENZIONE DURANTE I PRIMI 10 MINUTI DI CONVERSAZIONE?","PROVOCATORIO","MUSICA, ANIMALI","ETERO","cluster_1"
24,"DONNA","MI DEFINISCO UN URAGANO DI POSITIVITÀ, SE TI RISPECCHI IN QUESTO SEI NEL POSTO GIUSTO","SIMPATICO, SOLARE","CINEMA, MUSICA, SPORT","ETERO","cluster_1"
23,"DONNA","IL MIO STILE DI VITA È COME QUELLO DI FRANK GALLAGHER, MA HO ANCHE DEI DIFETTI. DI SOLITO ALLA GENTE DICO CHE STUDIO E SUONO","IRONICO,DIVERTENTE","SERIE TV, CINEMA","BISEX","cluster_4"
21,"DONNA","LA TUA INFERMIERA PERSONALE. SE ASSOMIGLI A MOTO MOTO SCRIVIMI. MA PURE SE SEI OSTEOPATA","SIMPATICA, SANITARIA","NATURA, ANIMALI","ETERO","cluster_1"
20,"DONNA","MI PIACE FARE SERATA, AMO LA NATURA E LA MUSICA SONO UNO SPUIRITO LIBERO CERCO QUALCUNO CHE MI TENGA TESTA, ANCHE SE È DIFFICILE, ESCO SPESSO CON LE AMICHE","SIMPATICA, SOLARE","NATURA,MUSICA","BISEX","cluster_4"
20,"DONNA","NON È STRANO CHIEDERE COME VA AD UNA SCONOSCIUTA? COME DEVE MAI ANDARE MAURIZIO? SE QUALCOSA PUÒ ANDARE DI MERDA ANDRÀ SEMPRE DI MERDA, LO DICEVA MURPHY, NON IO","SIMPATICA, IRONICA","FILM, ANIMALI","ETERO","cluster_1"
20,"DONNA","CHIACCHERE LEGGERE MA CON SENSO, GOOD VIBES E FEELING. PARLO TANTO SEI AVVISATO","SIMPATICA","SPORT, ANIMALI, NATURA","ETERO","cluster_1"
27,"DONNA","CERCO SOLO UN COMPAGNO CHE MI SPRONI IN PALESTRA","IRONICA, DIVERTENTE","LEGGERE, CIBO","ETERO","cluster_2"
19,"DONNA","VORREI PUNTARE TUTTO SULLA SIMPATIA, MA NON HO NEMMENO QUELLA","IRONICA, DIVERTENTE","CUCINA,VIDEOGIOCHI","ETERO","cluster_2"
25,"DONNA","CERCASI IRONIA, GENTILEZZA E ALTEZZA REALE. IO E LE MIE DÉCOLLETÉ ABBIAMO STANDARD ALTI. SEI TU?","IRONICA, DESCRITTIVA","CANTO, CUCINA","ETERO","cluster_1"
25,"UOMO","NON HO UN TESTAMENTO. E HO LE GINOCCHIA  A PEZZI","IRONICA","VIDEOGIOCHI, MOTO, AUTO","ETERO","cluster_1"
23,"UOMO","NON MI SONO ROTTO IL CROCIATO E NON SO CUCINARE LA CARBONARA”","IRONICA","MUSICA, FILM, TEATRO","ETERO","cluster_2"
24,"UOMO","HO CARICATO QUI LE MIE FOTO PIÙ CARINE CASOMAI FINISSI MORTO DATELE AL TELEGIORNALE”","IRONICA","CUCINA, MOTO","ETERO","cluster_1"
25,"UOMO","NON MATCHO CON PERSONE SENZA FOTO PROFILO. SE LA VOSTRA FACCIA NON PIACE A VOI, FIGURATEVI A ME","IRONICA, DIVERTENTE","VIDEOGIOCHI, MOTO, AUTO","ETERO","cluster_2"
23,"UOMO","FISIOTERAPISTA,BEVO SOLO NEGRONI, CUCINO TUTTO TRANNE I DOLCI, ODIO IL CALCIO, DISEGNO MA MAI CON GLI ACQUERELLI E SI MI PIACE TANANAI","DESCRITTIVA","ANIMALI, NATURA","ETERO","cluster_4"
31,"UOMO","ELEGANTE, SEDUTTORE, CARISMATICO, DI SUCCESSO, RICCO. QUESTO È BRED PITT NON IO","IRONICO, DIVERTENTE","SPORT, PALESTRA, MOTO","ETERO","cluster_1"
20,"UOMO","NESSUNO BATTE I MIEI PANCAKE","PROVOCATORIO","PALESTRA, MUSICA","ETERO","cluster_1"
27,"UOMO","ULTIMAMENTE SONO PARTICOLARMENTE OCCUPATO E SINCERAMENTE STO DIVENTANDO UN PO’ APATICO. SPERIAMO CHE LA LEGGE DEI GRANDI NUMERI MI FACCIA TROVARE QUALCUNO CHE VIBRI ALLE MIE STESSE FREQUENZE. MI PIACCIONO LE DONNE, NON LE RAGAZZINE, MENTALLY SPEAKING","DESCRITTIVO, SINCERO, SIMPATICO","MUSICA, VIAGGI, SPORT","ETERO","cluster_4"
25,"DONNA","QUALCOSA SU DI ME? MAGARI UN CAPPELLO","DIVERTENTE","MUSICA, SPORT, VIAGGI","BISEX","cluster_1"
23,"UOMO","NON RACCONTO TUTTO QUI. IL BELLO VIENE DOPO","PROVOCATORIO","MUSICA, PALESTRA","ETERO","cluster_1"
22,"UOMO","SCOPRIMI, ALLA FINE NON COSTA NULLA...SE RISPONDI OGNI 6 ORE, VAI IN FARMACIA ED ACQUISTA UN ANTIBIOTICO","DIVERTENTE, PROVOCATORIO","MUSICA, PALESTRA","BISEX","cluster_1"
23,"UOMO","STRONZO, APATICO ED EGOISTA, MA HO ANCHE DEI DIFETTI","DIVERTENTE, PROVOCATORIO","SPORT, AUTO, MOTO","BISEX","cluster_4"
24,"UOMO","TITOLARE DI UN BAR, AMO LE MASCHERE, CULTURALISTA, IRONICAMENTE SOLO CON DISPERATO BISOGNO DI SVAGO","MISTERIOSO, PROVOCATORIO","PALESTRA, MUSICA, TEATRO","ETERO","cluster_4"
19,"UOMO","ESPRIMO LE MIE QUALITÀ CUCINANDO E LE MIE ATTENZIONI ATTRAVERSO I GESTI, AMO LA COMPAGNIA","SIMPATICO, AFFETTUOSO","PALESTRA, CUCINA, SPORT","ETERO","cluster_4"
26,"UOMO","HO 26 ANNI MA LA MIA BABY FACE È SEMPRE PRESENTE. MI PIACE IL BASKET E SO CUCINARE. CI ALLENIAMO INSIEME IN PALESTRA?","SIMPATICO, DESCRITTIVO","PALESTRA,BASKET,CUCINA","ETERO","cluster_1"
19,"UOMO","CALCIATORE PROFESSIONISTA SE NON MI FOSSI ROTTO IL CROCIATO","DIVERTENTE","CALCIO, PALESTRA, CUCINA","ETERO","cluster_1"
33,"UOMO","SE VUOI SCOPRIRE I SEGRETI DELLA FORESTA DEVI GUARDARE LA FOGLIA NON L'ALBERO","IRONICO, MISTERIOSO","NATURA, PALESTRA","ETERO","cluster_2"
23,"UOMO","PIACCIO A TUTTE LE MAMME UN PÒ MENO ALLE FIGLIE","IRONICO, SIMPATICO","PALESTRA, CAFFE","BISEX","cluster_1"
26,"UOMO","SPIEGAMI LA DIFFERENZA TRA GLOSS E ROSSETTO","IRONICO, PROVOCATORIO","PALESTRA, CUCINA, SPORT","ETERO","cluster_1"
24,"UOMO","TRA ALLENAMENTI E ORARI IMPOSSIBILI, LA NOIA NON SO COSA SIA. VIVO BENE RIDO FACILE, E MI INCURIOSISCONO LE TESTE VELOCI PIÙ DELLE FOTO PERFETTE","DESCRITTIVA, SIMPATICO","PALESTRA, AUTO, SPORT","ETERO","cluster_4"
31,"UOMO","QUAND'È L'ULTIMA VOLTA CHE HAI FATTO UNA COSA PER LA PRIMA VOLTA?","PROVOCATORIO","MOTO, PALESTRA, NATURA","ETERO","cluster_0"
22,"UOMO","VOGLIA DI FARE ESEPERIENZE NUOVE ED USCIRE FUORI DAGLI SCHEMI SEMPRE. MI ANNOIO FACILMENTE, SAPPI TENERE UNA CONVERSAZIONE","PROVOCATORIO","PALESTRA, NUOTO, CUCINA","ETERO","cluster_4"
30,"UOMO","ESPERTO NELL'ARTE DI SCEGLIERE SERIE NETFLIX CHE POI NON GUARDERÒ MAI. ALTO QUANTO BASTA PER PRENDERE COSE DAI RIPIANI ALTI","SIMPATICO, DESCRITTIVO","SPORT","ETERO","cluster_1"
19,"UOMO","INDIPENDENTE E CON UNA LISTA INFINITA DI COSE DA FARE. CREDO NELL'ENERGIA GIUSTA, NEI SORRISI SPONTANEI E NELLE PERSONE CHE SANNO QUELLO CHE VOGLIONO","DESCRITTIVO, SINCERO","AUTO, NATURA","ETERO","cluster_4"
25,"UOMO","NON DIRMI CHE SEI QUI PER NOIA CHE NON CI CREDI NEMMENO TE","SIMPATICO, PROVOCATORIO","AUTO, CALCIO, NATURA","ETERO","cluster_1"
26,"UOMO","POTREI PARLARE PER CITAZIONI POP MA ANCHE LETTERARIE. NERD AL PUNTO GIUSTO E ANCHE SIMPATICO (PROVARE PER CREDERE)","SIMPATICO, DESCRITTIVO","ANIME, FILM, LIBRI","ETERO","cluster_1"
30,"UOMO","BALLO MALISSIMO, MA HO UN CANE ED È ADORABILE ","SIMPATICO","ANIMALI, NATURA, FILM","ETERO","cluster_1"
29,"UOMO","ODIO LA MONOTONIA, CERCO DI RIEMPIRE LA MIA VITA DI EMOZIONI","SIMPATICO, DESCRITTIVO","VIAGGI, NATURA,FILM","ETERO","cluster_0"
33,"UOMO","APPREZZO LA QUALITÀ E I BEI MOMENTI. SE SEI UNA PERSONA CHE PREFERISCE I FATTI ALLE CHAT INTERMINABILI, CI SIAMO TROVATI","SIMPATICO, PROVOCATORIO","VIAGGI, NUOTO, CINEMA","ETERO","cluster_1"
26,"DONNA","TRE RAGAZZE CROATE IN VISITA IN SICILIA, ALLA RICERCA DI NUOVE AMICIZIE, ATMOSFERE RILASSATE E FANTASTICHE SERATE MUSICALI","DESCRITTIVO","MUSICA HOUSE, CUCINA, VIAGGIARE, MUSICA ELETTRONICA","ETERO","cluster_0"
24,"DONNA","CINEMA, STREET PHOTOGRAPHY, MONTAGGIO VIDEO, CANTO, RECITAZIONE, TEATRO, FILM, MARE, VIAGGI. SEMPLICEMENTE PERSONE SINCERE CHE HANNO VOGLIA DI PARLARE.","DESCRITTIVO","TEATRO, SPA, SAUNA E TERME, VIAGGIARE, PROVARE COSE NUOVE","ETERO","cluster_0"
19,"DONNA","SONO LA PERSONA PIÙ IMBRANATA DEL MONDO","IRONICO, DIVERTENTE","CONTENTE CREATION, PROVARE COSE NUOVE, MARVEL, CURA DI SÈ, GELATO","ETERO","cluster_2"
20,"DONNA","CHIACCHIERE LEGGERE MA CON SENSO, GOOD VIBES E FEELING. PARLO TANTO, SEI AVVISATO","IRONICO, DIVERTENTE","BALLARE, SKINCARE, MOTO, PASTICCERIA, CRESCITA PERSONALE","ETERO","cluster_1"
19,"DONNA","CIAO, SONO SOFIA! METTIAMO UNA COSA IN CHIARO: IO SONO CAPRICORNO. TU?","IRONICO","SHOPPING, TATUAGGI, LEGGERE, SUSHI, VITA ATTIVA","ETERO","cluster_1"
20,"DONNA","DICONO CHE PARLO TANTO E SONO UN PO' MATTA","IRONICO, DIVERTENTE","ARTE, NATURA, DISEGNARE, SUONARE UNO STRUMENTO, LEGGERE","ETERO","cluster_1"
20,"DONNA","NON LEGGERE LA BIO, SCOPRIMI. MI PIACE L'ORIGINALITÀ (METÀ LATINA)","MISTERIOSO","LETTERATURA, DOLCI, CIBO, CURA DI SÈ, HARRY POTTER","ETERO","cluster_2"
29,"DONNA","GENIO, MILIARDARIA, OLIMPIONICA, FILANTROPA E A VOLTE UN MEDICO QUANDO MI ANNOIO","IRONICO, DIVERTENTE","CONCERTI, TREKKING, CIBO, REGGAETON, MODA","BISEX","cluster_4"
21,"DONNA","ROMANTIZZANDO LA VITA UN COCKTAIL ALLA VOLTA","IRONICO, DIVERTENTE","SCI, MOTO D'ACQUA, MODA, VIAGGIARE, ENOGASTRONOMIA","ETERO","cluster_1"
22,"DONNA","SE PENSI DI CONQUISTARMI CON UNA BATTUTA, ALMENO FALLA BUONA","PROVOCATORIO","BAR, PASSEGGIATE, MUSICA TRAP, TATUAGGI, CURA DI SÈ","ETERO","cluster_1"
22,"DONNA","ALLA FINE HO CAPITO CHE IL MALESSERE CHE GUARDA SEMPRE MALE, VESTITA SEMPRE TOTAL BLACK, TATUAGGI E LITRI DI PROFUMO SONO IO","PROVOCATORIO","DISCOTECA, TATUAGGI, BOXE, MOTO, TECHNO","BISEX","cluster_1"
20,"DONNA","LONTANA DA QUALSIASI STRADA","IRONICO","MUSICA, SUSHI, POLITICA, SCRITTURA, CINEMA DRIVE-IN","ETERO","cluster_2"
21,"DONNA","MI PIACE VIAGGIARE, MI PIACCIONO LE AUTO SPORTIVE E MODIFICATE. LA MIGLIOR USCITA? GIRO IN MACCHINA CON LA MUSICA CHE FAN TREMARE I VETRI DEI PALAZZI E ANDARE AL RADUNO. AMO IL MARE E AMO STARE SEDUTA A GUARDARLO","DESCRITTIVO, PRETENZIOSO","FAI DA TE, MACCHINE, TIKTOK, INSTAGRAM, DISNEY","ETERO","cluster_0"
23,"DONNA","SOLO POCHI GIORNI A PALERMO IN VACANZA","DESCRITTIVO","FILM FANTASY, EQUITAZIONE, CONCERTI, FILM HORROR, POLIZIESCHI","BISEX","cluster_0"
28,"DONNA","DOPO IL MATCH MI SEMBRA GIUSTO AVVIARE UNA CONVERSAZIONE, SENNÒ CHE STIAMO QUI A FARE? SOLO UNA COSA, COMINCIA TU CHE ALL'INIZIO SONO TIMIDA","IRONICO, SIMPATICO","CUCINA, SUSHI, TATUAGGI, VIAGGIARE, APERITIVO","ETERO","cluster_1"
28,"DONNA","NON SO BENE COSA SCRIVERE, SONO DOLCE, CON ME PUOI PARLARE DI TUTTO. SE MI REGALI I GIRASOLI POTREI INNAMORARMI","IRONICO","PLAYSTATION, CANTARE, SUSHI, COCKTAIL, KARAOKE","ETERO","cluster_1"
22,"DONNA","HO VOGLIA DI RIDERE E DIVERTIRMI","IRONICO, PROVOCATORIO","PITTURA, CUCINA, PALESTRA, MUSICA INDIE, MUSICA RAP","BISEX","cluster_1"
26,"DONNA","QUI PER UN CASO STUDIO ","IRONICO","DIETA VEGANA, FEMMINISMO, VIAGGI IN AUTO, FESTIVAL, DIRITTI LGBTQIA+","BISEX","cluster_1"
29,"DONNA","LAVORANDO TUTTO IL GIORNO NON HO TEMPO DI VEDERE I LIKE, SCRIVETE DIRETTAMENTE UN MESSAGGIO CHE APPENA POSSO SE SONO INTERESSATA RISPONDO.","PROVOCATORIO","FOTOGRAFIA, GELATO, VITA ATTIVA, TÈ, SKINKARE","BISEX","cluster_1"
22,"DONNA","QUI PER BALLARE, DIVERTIRCI, BERE QUALCOSA DI FORTE E MAGARI RUBARTI LA FELPA","IRONICO, DIVERTENTE","FILM, PITTURA, DISCOTECA, MARATONA DI SERIE TV, LEGGERE","ETERO","cluster_1"
23,"DONNA","VI PREGO SIATE DIVERTENTI","PRETENZIOSO","NATURA, IMPRENDITORIA, CRESCITA PERSONALE, FREELANCER, TREKKING","ETERO","cluster_1"
23,"DONNA","HAI UNA BARCA?","PRETENZIOSO","SNOWBOARDING, BEACH BAR, DISCOTECA, TUFFI, FESTIVAL","ETERO","cluster_1"
25,"DONNA","SCRIVERE BIO NON RIENTRA NELLE MIE SKILLS, MAGARI MI AIUTI TU","IRONICO, SIMPATICO","CURA DI SÈ, ALLENAMENTO A CASA, NATURA, SOLLEVAMENTO PESI, MARATONA DI SERIE TV","ETERO","cluster_1"
25,"DONNA","IN MANCANZA DI PAROLE ADEGUATE","IRONICO","DISCOTECA, SNOWBOARDING,, CIBO, TUFFI, BEACH BAR","ETERO","cluster_1"
24,"DONNA","AMO DA IMPAZZIRE IL MARE, LEGGO LIBRI DARK ROMANCE E LA MUSICA È CIÒ CHE MI RENDE FELICE","DESCRITTIVO, SIMPATICO","R&B, MARVEL, REGGAETON, MOTO, INSTAGRAM","ETERO","cluster_0"
29,"DONNA","ENTRO SU TINDER PER DIVERTIRMI LEGGENDO LE BIO","IRONICO","VIAGGIARE, SKINCARE, ATTIVISMO GIOVANILE, SUSHI, CUA DI SÈ ","ETERO","cluster_1"
22,"DONNA","ADORO IL CAFFÈ, I GATTI E UN PO' DI FISICA DELLE PARTICELLE","DESCRITTIVO, SIMPATICA","BALLARE, CAFFÈ, TREKKING, RAMEN, MARVEL","ETERO","cluster_4"
27,"DONNA","NON MI PIACE STARE FERMA, CERCO COSTANTEMENTE ADRENALINA, MA ODIO PARLARE PER MESSAGGI, RIESCO AD ESSERE PIÙ ME DI PRESENZA","IRONICO, SIMPATICO","ATTIVISMO GIOVANILE, PARTY, FESTIVAL CINEMATOGRAFICI, TREKKING, MUSICA LATINA","ETERO","cluster_4"
23,"DONNA","CHILL VIBES MANGIANDO BEVENDO E GODENDO DEI PIACERI DELLA VITA, DANTE NON SAREBBE D'ACCORDO","IRONICO, SIMPATICO","SELF LOVE, SUSHI, CURA DI SÈ, VITA ATTIVA, GELATO","BISEX","cluster_0"
19,"DONNA","C'È QUALCUNO DI VOI CHE NON TROVO IN PALESTRA? SE SEI IGNORANTE, DI DESTRA, OMOFOBO, RAZZISTA O IN GENERALE DIFFONDI ODIO NON METTERMI LIKE","PROVOCATORIO","VIAGGI IN AUTO, MUSICA DAL VIVO, VITA NOTTURNA, PROVARE COSE NUOVE, MUSICA RAP","BISEX","cluster_2"
23,"DONNA","AMO PARLARE E AVERE BELLE CONVERSAZIONI, SO TRE LINGUE QUINDI SCEGLI TU CON QUALE COMUNICARE MEGLIO!","DESCRITTIVO, SIMPATICO","VIAGGIARE, SELF LOVE, STREET FOOD, NATURAL, JAZZ","ETERO","cluster_1"
24,"DONNA","AMO DA IMPAZZIRE IL MARE, LEGGO LIBRI DARK ROMANCE E LA MUSICA È CIÒ CHE MI RENDE FELICE","DESCRITTIVO","VIAGGIARE, DISNEY, MOTO, MUSICA LATINA, MAKE UP","ETERO","cluster_0"
25,"DONNA","ESPERTA NEL PERDERE L'ACCENDINO E NELL'INNAMORARMI DI PERSONALITÀ, NON DELLA PERSONA","IRONICO, SIMPATICO","MUSICA ELETTRONICA, MAKE UP, MARVEL, TECHNO, FESTE IN CASA","ETERO","cluster_2"
29,"DONNA","CERCO QUALCUNO CHE POSSA ESSERE PRESENTE CON ME PRIMA DELLA SERATA GENITORE-INSEGNANTE DEI NOSTRI","IRONICO, SIMPATICO",,"ETERO","cluster_1"
22,"DONNA","CERCO MODI PER NON RICONETTERMI COL SIGNORE TIPO BOH STUDIANDO ARCHITETTURA E FACENDO GIOIELLI, COSE COSÌ","IRONICO, PROVOCATORIO","FAI DA TE, CUCINA, COMMEDIA, R&B, FILM FANTASY","ETERO","cluster_0"
25,"DONNA","PROFILO GESTITO A TURNO DALLE MIE MOLTEPLICI PERSONALITÀ","IRONICO, DIVERTENTE","FILM D'AZIONE, MARVEL, INSTAGRAM, TATUAGGI, DISCOTECA","BISEX","cluster_1"
23,"DONNA","STUDIO GIURISPRUDENZA E NON HO MAI VISTO HOW I MET YOUR MOTHER","DESCRITTIVO, SIMPATICO","FILM, MUSICA, VIAGGIARE, APERITIVO, CURA DI SÈ","ETERO","cluster_1"
22,"DONNA","UOMINI ALTI ESISTETE ANCORA","PROVOCATORIO","MUSICA, VIAGGIARE, PROVARE COSE NUOVE, REGGAETON, BALLARE","ETERO","cluster_1"
20,"DONNA","MI PIACE FARE SERATA, AMO LA NATURA E LA MUSICA SONO UNO SPIRITO LIBERO CERCO QUALCUNO CHE MI TENGA TESTA, ANCHE SE È DIFFICILE, ESCO SPESSO CON LE AMICHE ","DESCRITTIVA","FOTOGRAFIA, CIBO, MUSICA POP, HARRY POTTER, SELF LOVE","ETERO","cluster_4"
22,"DONNA","SOLO GENTE DIVERTENTE E IRONICA","PROVOCATORIO","TREKKING, BALLARE, BRUNCH, MOSTRE, ACQUISTI DI SECONDA MANO","ETERO","cluster_1"
21,"DONNA","LA TUA INFERMIERA PERSONALE. SE ASSOMIGLI A MOTO MOTO SCRIVIMI. MA PURE SE SEI OSTEOPATA","IRONICO","PARTY, TATUAGGI, PALESTRA, FILM HORROR, FOTOGRAFIA","ETERO","cluster_1"
25,"DONNA","STO SOLO CERCANDO DI TROVARE QUALCUNO CHE SIA SEMPREDISPOSTO A FARE UNA NUOTATA IN MARE","IRONICO","MERCATINI DELLE PULCI, TREKKING, FESTIVAL CINEMATOGRAFICI, GALLERIE D'ARTE, TEATRO","ETERO","cluster_0"
24,"DONNA","PRENDIMI SE VUOI","IRONICO, PROVOCATORIO","FOTOGRAFIA, VITA NOTTURNA, BAR, PROVARE COSE NUOVE, ENOGASTRONOMIA","ETERO","cluster_1"
23,"DONNA","MI PIACCIONO I GIRASOLI, FUTURA INFERMIERA, GYM GIRL, SONO UNA CHIACCHIERONA ","DESCRITTIVO, IRONICO","FOTOGRAFIA, GELATO, NUOTO, PALESTRA, CURA DI SÈ, SOLLEVAMENTO PESI","ETERO","cluster_4"
23,"DONNA","SONO QUI PER FARE NUOVE CONOSCENZE CON PERSONE CON CUI AVERE CONVERSAZIONI STIMOLANTI, GRANDE FAN MARVEL E STAR WARS ","DESCRITTIVO","MUSICA, FILM, COMI-CON, VIAGGIARE, PLAYSTATION","BISEX","cluster_0"
22,"DONNA","STADIO + COMPLICITÀ = COMBO PERFETTA","DESCRITTIVO","FOTOGRAFIA, COMMEDIE ROMANTICHE, PASSEGGIATE, PARITÀ DEI DIRITTI, GELATO","ETERO","cluster_1"
19,"DONNA","POTREI ESSERE OSSESIONATA DAI VIDEOGIOCHI","IRONICO","ARTE, MUSICA, DISEGNARE, ANIME, VIDEOGIOCHI ONLINE","ETERO","cluster_1"
25,"DONNA","AMO LE SERIE TV, PASSEGGIARE, SCOPRIRE POSTI NUOVI E IL BUON CIBO, SOPRATTUTTO LA CUCINA ASIATICA","DESCRITTIVO","BUBBLE TEA, MUSICA POP, VIAGGIARE, MUSICA ROCK, PASSEGGIATE","ETERO","cluster_0"
22,"DONNA","RIESCI AD ATTIRARE LA MIA ATTENZIONE DURANTE I PRIMI 10 MINUTI DI CONVERSAZIONE?","PRETENZIOSO","VIAGGIARE, SCRITTURA, INSTAGRAM, ATTIVISMO GIOVANILE, PALESTRA","ETERO","cluster_1"
21,"DONNA","NON FARE IL CASO UMANO, TI PREGO","PRETENZIOSO","FILM, BAR SHOPPING, SPOTIFY, HEAVY METAL, INSTAGRAM","BISEX","cluster_1"
22,"UOMO","SO CHE IL MIO PROFILO AL MOMENTO È UN PO' VAGO, PRIMA O POI SCRIVERÒ QUALCOSA DI SERIO","IRONICO, RISERVATO","LIBRI, MUSICA, NUOTO","ETERO","cluster_1"
35,"UOMO","MI PIACE TRASCORRERE DEL TEMPO LONTANO DAL COMPUTER QUANDO LAVORO ALLE MIE OPERE, MI PIACE DISEGNARE E TUTTO CIÒ CHE RIGUARDA L'ARTE","SERIO, DECISO","ARTE, DISEGNO, MUSICA CLASSICA","ETERO","cluster_4"
32,"UOMO","STUDENTE A TEMPO PIENO, ADORO I VIDEOGIOCHI E BERE","SERIO, DECISO","NUOTARE, ATLETICA, RIPARARE OGGETI,COCKTAIL","ETERO","cluster_3"
22,"UOMO","NON SONO BRAVO IN QUESTE COSE, MA CI PROVO LO STESSO. SONO UN TIPO TRANQUILLO A CUI PIACE DIVERTIRSI. ATTUALMENTE LAVORO A TEMPO PIENO IN UN NEGOZIO, CON UN RUOLO DI RESPONSABILE. NON È IL LAVORO MIGLIORE DEL MONDO, MA MI PIACE. ADORO STARE ALL'ARIA APERTA OGNI VOLTA CHE NE HO L'OCCASIONE, CHE SI TRATTI DI FARE ESCURSIONI, ANDARE AL PARCO O SEMPLICEMENTE IN UN PARCO DIVERTIMENTI.","TRANQUILLO, SOCIEVOLE","SPORT, MUSICA HOUSE, HARRY POTTER","ETERO","cluster_4"
27,"DONNA","SE VUOI USCIRE CON ME, MAGARI NON ASPETTARTI CHE TI STUPISCA SUBITO","PROVOCATORIO, SIMPATICO","SHOPPING, BALLARE, SERIE TV","BISEX","cluster_1"
38,"DONNA","SONO UN MIX DI SPENSIERATEZZA E SERIETÀ, MA LA COSA PIÙ IMPORTANTE PER ME È L'AUTENTICITÀ!","SIMPATICA, SEMPLICE","CUCINA, BALLI CARAIBICI, CUCIRE ","ETERO","cluster_4"
22,"DONNA","VANITOSA COME UNA VERA DONNA SCORPIONE","VANITOSA, PRETENZIOSA","VIAGGIARE, TATUAGGI, MODA","ETERO","cluster_2"
27,"UOMO","HO UNA LUNGA LLISTA DI LUOGHI CHE MI PIACEREBBE VISITARE, ADORO GIOCARE ALLA PLAY","SIMPATICO","VIAGGIARE, VIDEOGIOCHI, CALCIO","ETERO","cluster_0"
20,"DONNA","MI PIACE L'IDEA DI INCONTRARE QUALCUNO FANTASTICO COME ME","PROVOCATORIO, PRETENZIOSO","SKIN CARE, SEGNI ZODIACALI, SERIE TV","ETERO","cluster_1"
24,"DONNA","PARLO QUATTRO LINGUE, PROVA AD INDOVINARE QUALI","PROVOCATORIO, SIMPATICO","LINGUE STRANIERE, SKIN CARE, CUCINARE","ETERO","cluster_1"
30,"UOMO","SONO UNA PERSONA MOLTO INTRAPRENDENTE, VORREI INCONTRARE UNA PERSONA GENTILE E SOLARE","INTRAPRENDENTE, SIMPATICA","RACCONTARE STORIE, CUCINARE, VIAGGIARE","ETERO","cluster_4"
21,"DONNA","HO UNA FANTASIA MOLTO SFRENATA QUINDI...","PROVOCATORIO","ANIMALI, PALESTRA","BISEX","cluster_1"
25,"UOMO"," LA BIRRA È IMPORTANTE. SENZA BIRRA, NON CI SAREBBE CIVILTÀ. ALTRA COSA CHE AMO? IL CAFFÈ, SENZA QUELLO LA GIORNATA NON PUÒ PARTIRE","DIVERTENTE","CIBO, USCITE, PASSEGGIATE, YOUTUBE","ETERO","cluster_1"
27,"DONNA","FARE FOTOGRAFIE, L'EMPATIA, FARE E INFRANGERE BUONI PROPOSITI, AVERE COSE DA FARE, LEGGERE ONLINE LE TRAME DEI FILM HORROR MA RIFIUTARSI DI VEDERE I FILM STESSI","SIMPATICA,DOLCE","FOTOGRAFIA, GATTI, MUSICA LEGGERA","ETERO","cluster_0"
24,"UOMO","BEH, DIPENDE PIÙ DA TE CHE DA ME, CHE DICI?","PROVOCATORIO","SCRIVERE, COMPORRE MUSICA, LEGGERE","GAY","cluster_1"
31,"UOMO","SONO UNA PERSONA ALLA MANO CON UN SINCERO APPREZZAMENTO PER LA VITA E PER LE PERSONE CHE INCONTRO. MI PIACCIONO SIA LE OCCASIONI DI SVAGO IN COMPAGNIA CHE LA RIFLESSIONE SOLITARIA, E RIESCO A TROVARE L'UMORISMO IN QUASI OGNI SITUAZIONE","DOLCE","FAMIGLIA, GATTI, SPORT","ETERO","cluster_4"
21,"DONNA","ESAURITA A TEMPO PIENO PER L'UNIVERSITÀ, PARLO TANTO, SE INIZIAMO A GUARDARE UN FILM DOPO TRE MINUTI DORMO, PORTAMI UN CUORE CALDO AL CIOCCOLATO E SONO TUA","IRONICA, SIMPATICA","ANIME, MUSICA POP, PALESTRA","ETERO","cluster_3"
28,"DONNA","NON SO COSA SCRIVERE PERCHÈ LE BIO MI CRINGIANO","SERIA","CONCERTI, TATUAGGI, SUSHI","GAY","cluster_1"
28,"DONNA","SONO UNA PERSONA TRANQUILLA SOLO QUANDO DORMO, ADORO L'ESTATE, LE DISCOTECHE E BAD BUNNY","DIVERTENTE, SIMPATICA","MUSICA REGGAETON, PIZZA","ETERO","cluster_4"
35,"UOMO","VINO, CIBO, ARTE, VIAGGI... TROPPO BANALE FORSE?","SERIO, DECISO","VIAGGIARE, FAMIGLIA, CUCINARE","ETERO","cluster_0"
26,"DONNA","SE VUOI, SONO ABBASTANZA FANTASTICA SE TI PRENDI LA BRIGA DI CONOSCERMI.","PRETENZIOSA, SIMPATICA","SPORT, LIBRI, MUSICA, MODA","GAY","cluster_1"
19,"UOMO","CERCO UNA DOLCE METÀ CON CUI CONDIVIDERE TANTE COSE BELLE","DOLCE","YOUTUBE, VIDEOGIOCHI, TENNIS","BISEX","cluster_0"
23,"UOMO","MI PIACE PENSARE DI ESSERE UN RAGAZZO PIUTTOSTO NORMALE. NON SONO STRAORDINARIO IN ALCUN MODO, MA AMO LA NORMALITÀ; SECONDO ME È INGIUSTAMENTE SOTTOVALUTATA. ","SERIO, TRANQUILLO","CALCIO, PODCAST, GATTI","ETERO","cluster_4"
23,"DONNA","DIMMI I TUOI TRE CIBI PREFERITI E VEDIAMO SE SIAMO COMPATIBILI","DIVERTENTE","DISNEY, DOLCI, MUSICAL, CANI","ETERO","cluster_1"
25,"DONNA","MI PIACE ANDARE IN GIRO NEI MERCATINI, AI CONCERTI, CHIACCHIARARE E BALLARE LA TECHNO","DOLCE, SIMAPTICA","TREKKING, CAMPEGGIO, TATUAGGI, CONCERTI","BISEX","cluster_4"
23,"UOMO","POTRESTI NON CAPIRE IL MIO SENSO DELL'UMORISMO","PRETENZIOSO","MARVELL, DISCOTECA, CALCIO, FILM","ETERO","cluster_1"
39,"UOMO","MI PIACE IMPARARE E PROVARE COSE NUOVE, LE SORPRESE INASPETTATE, MANTENERMI ATTIVO E, DI TANTO IN TANTO, GODERMI LA TRANQUILLITÀ DI UNA SERATA IN CASA.","DOLCE, TRANQUILLO","VIAGGIARE, PALESTRA, ATTIVITÀ FISICA","GAY","cluster_4"
36,"UOMO","SONO MOLTO AUTOIRONICO, MI PIACE DIVERTIMI CHE LA VITA È GIÀ PESANTE","SIMPATICO","TEATRO, SKIN CARE, SPORT","ETERO","cluster_4"
28,"DONNA","NON SOPPORTO LE LAMENTELE SENZA CERCARE UNA SOLUZIONE E ADORO L'IRONIA. MI PIACE IL VINO E ANCORA MEGLIO IL MARE","PROVOCATORIO, TRANQUILLO","MODA, VITA ATTIVA, ENOGASTRONOMIA","ETERO","cluster_4"
22,"DONNA","MI PIACCIONO LE PERSONE A MODO, HO VOGLIA DI CONOSCERE NUOVA GENTE","TANQUILLA","ANIMALI, SPORT, ESCURSIONI","BISEX","cluster_4"
19,"DONNA","PER QUEL CHE VALE, SENTO SEMPRE DIRE CHE SONO PIÙ ATTRAENTE DAL VIVO CHE IN FOTO. FRASE DA NON DIRMI MAI ""OGNI RICCIO UN CAPRICCIO"".","SIMAPTICA, PROVOCATORIA","SUSHI, PALESTRA, ANIMALI","ETERO","cluster_1"
23,"DONNA","SONO IPERATTIVA","IRONICA","FOTOGRAFIA, MODA, PROVARE COSE NUOVE","ETERO","cluster_1"
26,"UOMO","INCONTRAMI MENTRE SCELGO UN LIBRO DI POESIE AL MERCATINO DELL'USATO","TRANQUILLO","LEGGERE, POESIA, TREKKING","GAY","cluster_1"
21,"DONNA","MI HANNO DETTO CHE SONO BRAVO A FAR RIDERE LA GENTE, MA DOVRAI GIUDICARE TU STESSO.","IRONICA","DOLCI, CUCIRE, DISCOTECA","ETERO","cluster_1"
28,"UOMO","HO GIÀ TANTI PROBLEMI, VUOI ESSERE UN ALTRO MIO PROBLEMA?","IRONICO","BAR, MOSTRE, MUSEI","ETERO","cluster_1"
27,"DONNA","MI PIACE PARLARE DI COSE CHE COINVOLGONO ALTRE COSE PER POI POTER PARLARE DI ALTRE COSE ANCORA CHE COINVOLGONO ALTRE COSE ANCORA","IRONICO, DIVERTENTE, SIMPATICO","SKINCARE, MODA, TENNIS","ETERO","cluster_1"
31,"UOMO","SONO UN UOMO AVVENTUROSO A CUI PIACE ESPLORARE NUOVI POSTI, ANDARE IN BUONI RISTORANTI E STARE ALL'ARIA APERTA IL PIÙ POSSIBILE.","TRANQUILLO","AVVENTURA, VIAGGI, BOWLING","ETERO","cluster_4"
29,"DONNA","AMO BALLARE, LA POLITICA, IL CAFFÈ, I TAROCCHI, FARE SHOPPING NEI NEGOZI DELL'USATO, IL SOLE, GLI ABITI ESTIVI, PARLARE IN PUBBLICO, LE LINGUE, LEGGERE, IL BRACCIO DI FERRO, VIAGGIARE, L'ARTE, IL CIBO, I GIOCHI E LE CONVERSAZIONI INTELLETTUALI (NIENTE MI ECCITA COME LE CELLULE CEREBRALI CHE FUNZIONANO BENE) ","TRANQUILLA, DIVERTENTE, IRONICA","ANIMALI, PODCAST, SEGNI ZODIACALI","BISEX","cluster_4"
31,"UOMO","PENSO SIA MOLTO DIFFICILE RIASSUMERMI IN UN PARAGRAFO O GIÙ DI LÌ, MA IN POCHE PAROLE SONO UNA BRAVA PERSONA E MI PIACE INCONTRARE PERSONE NUOVE E INTERESSANTI. NEL TEMPO LIBERO MI PIACE STARE ALL'ARIA APERTA, DI SOLITO VADO IN SPIAGGIA O AL PARCO CON IL MIO CANE, SE ODI GLI ANIMALI NON PARLARMI","TRANQUILLO,  SERIO","FANTASCIENZA, VIDEOGIOCHI, CALCIO","ETERO","cluster_4"
24,"UOMO","CUCINO MOLTO BENE, FAMMI SAPERE COSA VUOI CHE TI PREPARI","SIMAPATICO","HORROR, FANTASCIENZA","GAY","cluster_1"
23,"UOMO","MIA MADRE DICE CHE SONO UN BRAVO RAGAZZO, SO FARE LA CARBONARA E GIOCANDO A CALCIO HO ROTTO IL CROCIATO","DIVERTENTE, IRONICO","CALCIO, DISCOTECA, SPORT","ETERO","cluster_1"
19,"DONNA","IN MACCHINA SCELGO SEMPRE IO LA MUSICA, PROMESSO?","IRONICA, DIVERTENTE","SUSHI, MUSICA, SCRITTURA","ETERO","cluster_1"
29,"UOMO","HO UN DEBOLE PER CHI BACIA BENE E PER GLI APPUNTAMENTI MEMORABILI. ","DIVERTENTE, SIMPATICO","ANIME","ETERO","cluster_2"
21,"DONNA","LA MIA INSONNIA MI HA PORTATA AD ISCRIVERMI A QUESTO SITO, ME NE PENTIRÒ? PROBABILMENTE","IRONICA, DIVERTENTE","VINTAGE, PILATES, CIBO","ETERO","cluster_1"
28,"UOMO","PASSO TROPPO TEMPO A CHIEDERMI COSA STO FACENDO DELLA MIA VITA.","SERIO, DIVERTENTE","MOTO, GIOCHI DA TAVOLO","BISEX","cluster_1"
37,"DONNA","APPREZZO LO STILE, DO VALORE ALL'INTELLIGENZA, AMO I FILM, SCELGO I LIBRI COME SE NE DIPENDESSE LA MIA VITA","TRANQUILLA, DIVERTENTE","LIBRI, MUSICA, NETFLIX","BISEX","cluster_4"
35,"UOMO","IN QUALCHE MODO MI RITROVO SEMPRE IN SITUAZIONI IMBARAZZANTI. ALMENO POI SI TRASFORMANO IN STORIE DIVERTENTI...","SIMPATICO, DIVERTENTE","CICLISMO, DISEGNO, TECNOLOGIA","GAY","cluster_1"
29,"DONNA","CERCO QUALCUNO CHE SAPPIA ARGOMENTARE, SE VUOI PARLARE CON ME DELLA TUA SQUADRA AL FANTACALCIO MOLLAMI, SEI AVVISATO","IRONICA","PASSEGGIATE, MUSICA, MARE","ETERO","cluster_1"
21,"DONNA","È FACILE DIRE CIÒ CHE PIACE, IO FARÒ IL CONTRARIO: ODIO IL SUSHI, LA BANALITÀ, LA NOIA E PIO E AMEDEO","IRONIA","FOTOGRAFIA, ESCURSIONI","ETERO","cluster_1"
36,"UOMO","HO UNA TEORIA: IL MODO IN CUI UNA PERSONA SCEGLIE IL TAVOLO AL RISTORANTE DICE TUTTO SU DI LEI. FINORA FUNZIONA INQUIETANTEMENTE BENE","IRONICO, DIVERTENTE, SIMPATICO","INDIE MUSIC, KARAOKE, STREET FOOD","ETERO","cluster_1"
22,"DONNA","MI PIACE ANDARE IN AVVENTURE CASUALI. I DETTAGLI MI ANNOIANO A MORTE, QUINDI DAMMI SUBITO LA BATTUTA FINALE!","IRONICO, PRETENZIOSO"," CARTONI ANIMATI, SUSHI, VIDEOGIOCHI E BUONA MUSICA","BISEX","cluster_4"
26,"DONNA","ATTUALMENTE MI PIACE TRASCORRERE IL TEMPO LIBERO CON LA FAMIGLIA O GLI AMICI. A PARTE QUESTO, MI PIACE MOLTO ANDARE A SPETTACOLO PER VEDERE BAND LOCALI E FILM INTERESSANTI ","SERIO, RIFLESSIVO"," CAMPEGGIO, MOTO, TREKKING","ETERO","cluster_0"
33,"DONNA","CIAO! UN PO' DI ME... BEH, ATTUALMENTE LAVORO DA CASA E SONO UNA MAMMA A TEMPO PIENO. SONO ORIGINARIA DI PALERMO SONO CRESCIUTA NELLA PENISOLA E HO VISSUTO QUI PER TUTTA LA VITA. SONO SEMPRE PRONTA PER ANDARE IN CAMPEGGIO E ADORO FARE PASSEGGIATE ED ESCURSIONI. ADORO RIDERE E FAR RIDERE GLI ALTRI. SONO CRESCIUTA IN MEZZO ALLE MOTO E APPREZZO MOLTO UN UOMO CHE SAPPIA GUIDARNE UNA! ","SERIO"," BALLO, GIARDINAGGIO,  ANIMALI","ETERO","cluster_4"
20,"DONNA",". NON HO MAI FUMATO E NON LO FARÒ MAI, E NON POSSO STARE CON CHI FUMA.","IRONICA","CANTARE, VIAGGIARE, ","ETERO","cluster_2"
25,"DONNA"," SONO FANTASTICA, MI PIACCIONO I GLITTER E LA SKIN CARE","DIVERTENTE, IRONICA","FILM, STUDIARE, ARTE","ETERO","cluster_1"
24,"DONNA"," ADORO VIAGGIARE: SOLO NELL'ULTIMO ANNO HO VISITATO PIÙ DI 7 PAESI TRA AMERICA LATINA E ASIA, VUOI VIAGGIARE CON ME?","IRONICA","CUCINARE, BALLARE, PALESTRA","ETERO","cluster_0"
37,"DONNA","LEGGO MOLTO E ASCOLTO MUSICA. MI PREOCCUPO DEI SENTIMENTI DEGLI ALTRI E CERCO DI ESSERE ONESTA E GENTILE. A VOLTE BEVO TROPPO E PRENDO DECISIONI SBAGLIATE. MI PIACCIONO I TEMPORALI E MANGIARE GELATO ALLA VANIGLIA. ","DIVERTENDE","MUSICA, LIBRI, FILM","ETERO","cluster_4"
23,"UOMO","UN ALTRO LAUREATO UN PO' SGANGHERATO IN CERCA DI UN LAVORO STABILE. HO PASSATO LA MAGGIOR PARTE DELLA MIA VITA A CAPOGALLO E MONDELLO, MA IN QUALCHE MODO NON SONO PARTICOLARMENTE UN AMANTE DELLA SPIAGGIA.","IRONICO, SERIO","NUOTO, ARRAMPICATA, MOTO","GAY","cluster_4"
25,"DONNA","BEH, VEDIAMO. IN BREVE, SONO UNA RAGAZZA DI 25 ANNI CHE AMA IL CINEMA, I VIDEOGIOCHI E I LIBRI","SERIO","LEGGERE, VIDEOGIOCHI, CINEMA","ETERO","cluster_4"
29,"DONNA"," CERCO UN RAGAZZO FANTASTICO CON CUI DIVERTIRMI E CHE SAPPIA ASSECONDARE LA MIA STRAVAGANZA E IL MIO SARCASMO.","DIVERTENTE","FILM, MUSICA, CURA DI SÈ","ETERO","cluster_4"
26,"DONNA"," HO UNA GATTA E UN CANE. ENTRAMBE QUESTE CREATURE VIVONO CON ME NEL MIO MONOLOCALE E, A DIRE IL VERO, LA MAGGIOR PARTE DEL TEMPO MI SEMBRA DI VIVERE IN UNO ZOO. QUINDI... SE NON TI PIACCIONO GLI ANIMALI DOMESTICI, TEMO CHE POTREMMO NON ESSERE COMPATIBILI.","DESCRITTIVO, IRONICO","ANIMALI, BUBBLE THE","ETERO","cluster_1"
28,"UOMO","SONO UNA PERSONA FIN TROPPO ACCOMODANTE E MI INTERESSA CAPIRE COME FUNZIONA LA SOCIETÀ: UNA DELLE COSE CHE PREFERISCO FARE È PASSEGGIARE E OSSERVARE LA CITTÀ. OLTRE A QUESTO, MI DIVERTO A IRONIZZARE SULLE ASSURDITÀ CHE ACCADONO NELLA VITA. E POI, ADORO I CANI.","SERIO","VIAGGIARE, CANTARE","ETERO","cluster_4"
29,"DONNA","STO CERCANDO PERSONE SIMPATICHE CON CUI ESPLORARE NUOVI POSTI.","SERIO"," CANTARE, TREKKING, NATURA","ETERO","cluster_0"
26,"UOMO","SONO UN MAESTRO DEGLI SCHERZI.","DIVERTENTE","MUSICA, FILM, CAFFÈ","ETERO","cluster_1"
27,"DONNA"," ADORO USCIRE E FARE TANTE COSE, MA ADORO ANCHE UNA BELLA GIORNATA DI PIOGGIA AL CINEMA CON TROPPI SNACK E MAGARI UNA BOTTIGLIA DI VINO.CERCO DI ESSERE UNA PERSONA GENTILE E CON BUONE MANIERE. ","DESCRITTIVO","VIDEOGIOCHI, UNCINETTO ","GAY","cluster_4"
40,"DONNA"," CERCO PERSONE GENTILI E DI CUORE APERTO CHE DICANO CIÒ CHE PENSANO E PENSINO CIÒ CHE DICONO, E CHE ABBIANO UNA CHIARA CONSAPEVOLEZZA DI SÉ E SAPPIANO CONDIVIDERE LE ESPERIENZE DELLA VITA. SONO SFACCIATA, SEXY E INTELLIGENTE.","PRETENZIOSO, DESCRITTIVO","SPORT, CALCIO, NBA","ETERO","cluster_4"
22,"DONNA","ADORO I MILKSTEAK E ODIO IL CRISPY MC BACON","VANITOSO, DESCRITTIVO","CUCINARE, DOLCI, PIZZA","ETERO","cluster_1"
33,"DONNA","QUALCHE INFORMAZIONE SU DI ME: SONO UNA MANIACA DELL'APPRENDIMENTO. VORREI ESSERE UNA RUNNER, MA NON LO SONO. NON SO ANCORA COSA VOGLIO FARE DA GRANDE. HO UNA VENA DI CURIOSITÀ CHE A VOLTE MI METTE NEI GUAI. ","IRONICO, DESCRITTIVO","CUCINARE, MUSICA, FILM","ETERO","cluster_4"
22,"DONNA","SONO UNA RAGAZZA UN PO' SCIOCCA.UNA NERD PAZZESCA. CERCO DI NON PRENDERMI TROPPO SUL SERIO, MA ALLO STESSO TEMPO PRENDO MOLTO SUL SERIO LE MIE RESPONSABILITÀ. MI PIACE ESSERE GENTILE, MA POSSO DIVENTARE UN PO' INTENSA SE HO UNA PASSIONE PER QUALCOSA. SONO SEMPRE PRONTA PER LE AVVENTURE! MA SONO ANCHE PRONTA A ESSERE SUPER PIGRA. SONO SEMPRE IN RITARDO E SONO UNA COMPLETA SMEMORATA. MA HO SEMPRE BUONE INTENZIONI.","DESCRITTIVO, DIVERTENTE","VIDEOGIOCHI, CURA DI SÈ, CANTARE","ETERO","cluster_4"
22,"UOMO","MI PIACE USCIRE CON GLI AMICI E CONOSCERE GENTE NUOVA.. SONO UNO STUDENTE A TEMPO PIENO DI SCIENZE POLITICHE E MI PIACE ANDARE OCCASIONALMENTE ALLE FIERE DEL FUMETTO E AL COSPLAY. CERCO UNA DONNA DOLCE, DIVERTENTE E INTELLIGENTE A CUI PIACCIA PARLARE DI FUMETTI, VIDEOGIOCHI E POLITICA DURANTE UNA CENA O UN DRINK.","PRETENZIOSO, DESCRITTIVO, DIVERTENTE","SCIENZA, POLITICA, FUMETTI, FANTASCIENZA, STAND-UP COMEDY","ETERO","cluster_4"
28,"DONNA","MI SONO LAUREATA IN BIOLOGIA E LAVORO COME COORDINATRICE DI EVENTI PER UN'ORGANIZZAZIONE NO-PROFIT. SONO APPASSIONATA DI CALCIO E TIFO L'INTER.","SERIO","DOLCI, DISCOTECA, CALCIO","ETERO","cluster_3"
26,"DONNA","I MIEI INTERESSI MI IMPORREBBERO DI ESSERE UN HIPSTER. MA SAI UNA COSA? NON SONO ABBASTANZA COOL. E QUANDO GUARDO QUALCUNO E NON RIESCO A CAPIRE SE È UN HIPSTER O UN SENZATETTO, MI STA BENE COSÌ.","IRONICO","CUCINARE, CUCIRE, ANIMALI","ETERO","cluster_4"
29,"UOMO"," MI PIACE DIVERTIRMI OVUNQUE: LAVORANDO, STUDIANDO, VIAGGIANDO, GUARDANDO FILM, USCENDO E PRATICAMENTE FACENDO QUALSIASI COSA. ","DIVERTENTE, IRONICO, DESCRITTIVO","CUCINARE, BALLARE, MUSICA","ETERO","cluster_4"
27,"UOMO","MI PIACCIONO IL TÈ FREDDO, I VECCHI TELEVISORI, INDOSSARE ABITI MARRONI, I RIVESTIMENTI IN LEGNO E STARE IN CASA NELLE GIORNATE DI SOLE DESIDERANDO DI ESSERE FUORI. DOVREI PROPRIO USCIRE, FORSE LO FARÒ SUBITO.","SERIO","CUCINARE, VIDEOGIOCHI, MOTO","ETERO","cluster_4"
24,"UOMO"," SONO UNA NERD, MI SOLLETICO FACILMENTE E SONO APPASSIONATA DI TECNOLOGIA. SONO SPIRITOSA, GIOCOSA E ALTA. SONO SNELLA, SOPRATTUTTO PERCHÉ ADORO GLI ESERCIZI CARDIO. ","DESCRITTIVO, DIVERTENDE","ESCURSIONI,CALCIO, PING PONG.","ETERO","cluster_4"
21,"UOMO","SONO ALTO, DI BELL'ASPETTO, CON BEI CAPELLI E UN ATTEGGIAMENTO SARCASTICO NEI CONFRONTI DELLA VITA.","VANITOSO,SERIO","MUSICA, TECHNO, BIRRA","ETERO","cluster_4"
30,"DONNA"," ADORO IL MIO LAVORO, I MIEI AMICI, LA MIA FAMIGLIA E LE PICCOLE COSE DELLA VITA! SONO INTELLIGENTE, PREMUROSA E HO QUASI SEMPRE IL SORRISO SULLE LABBRA! SONO UN PO' SARCASTICA E SONO DISPOSTA A PROVARE QUASI TUTTO ALMENO UNA VOLTA!","SERIO, VANITOSO","AMICI, FAMIGLIA, LAVORO","ETERO","cluster_4"
43,"DONNA","DA EX MANIACA DEL LAVORO, ORA MI GODO UNA VITA DIVERSA, PIÙ EQUILIBRATA (MA COMUNQUE IMPEGNATIVA) COME GENITORE LAVORATORE AUTONOMO. SICURAMENTE HO MENO AVVENTURE E SERATE FUORI IN CITTÀ ULTIMAMENTE, MA MI STO GODENDO L'EMOZIONE DI ESSERE GENITORE E TUTTO CIÒ CHE C'È DA IMPARARE E RISCOPRIRE LUNGO IL CAMMINO.","SERIO","VIDEOGIOCHI, ANIME, MANGA","ETERO","cluster_4"
33,"DONNA","SONO PRIMA DI TUTTO UNA MAMMA. ATTUALMENTE SONO SEPARATA E STO PER AVVIARE LE PRATICHE DI DIVORZIO. SONO ANCHE UNA BRAVA PERSONA, LABORIOSA ED ESTROVERSA. AMO GLI ANIMALI, IL BASEBALL (I GIANTS), I VIDEOGIOCHI E CONOSCERE GENTE NUOVA.","SERIO","ANIMALI, BASEBALL, VIDEOGIOCHI","ETERO","cluster_4"
32,"UOMO","NON CERCATE SIGNIFICATI NASCOSTI SE NON RISPONDO AL VOSTRO MESSAGGIO. È LA PRIMA VOLTA CHE USO UN SITO DI INCONTRI ONLINE E SONO PIUTTOSTO LENTO A FAR DECOLLARE LE COSE, IN QUALSIASI AMBITO. NON SORPRENDETEVI SE VI FACCIO SAPERE QUALCOSA TRA UNA SETTIMANA.","DESCRITTIVO, SERIO","AMICI, FAMIGLIA, LAVORO","BISEX","cluster_1"
48,"UOMO","SONO SEMPRE STATO UNA PERSONA CREATIVA, MI PIACE DIPINGERE, DISEGNARE, REALIZZARE FILM E VIDEO E MI PIACE FREQUENTARE PERSONE CREATIVE E INTERESSATE ALLA VITA. AMO LA NATURA E LE PASSEGGIATE NELLA NATURA. AMO BALLARE. SONO CREATIVO, STRAVAGANTE E AFFETTUOSO.","DESCRITTIVO","ARTE, DIPINGERE, DISEGNO, NATURA","ETERO","cluster_4"
52,"UOMO","SONO UN RAGAZZO ALLEGRO E SPENSIERATO, CHE AMA LA VITA, È CURIOSO E INTRAPRENDENTE. HO UN GRANDE SENSO DELL'UMORISMO E MI PIACE TRASCORRERE DEL TEMPO CON AMICI, COLLEGHI E CONOSCERE GENTE NUOVA. SONO UN DIRIGENTE IN UN'AZIENDA HIGH-TECH E HO UN LAVORO FANTASTICO CHE MI STIMOLA, MI PERMETTE DI ESSERE CREATIVO E MI DÀ L'OPPORTUNITÀ DI LAVORARE CON PERSONE DAVVERO ECCEZIONALI.","DESCRITTIVO","ELETTRONICA, GIARDINAGGI, INFORMATICA, TECNOLOGIA, CUCINARE, DISEGNO","ETERO","cluster_4"
31,"DONNA","LA VERITÀ È CHE SONO SENSIBILE - SCIOCCA - SERIA - IMPERTINENTE - NERD - DOLCE. MI PIACE ANDARE A SPETTACOLI/CONCERTI. MI PIACE VIAGGIARE PENSO CHE L'AMORE SIA NEI DETTAGLI. SONO SEMPRE IN CRESCITA E APPREZZO LE PERSONE CON LA MIA STESSA MENTALITÀ E CON UNA BUONA ENERGIA.","DESCRITTIVO, SERIO","CIOCCOLATO,PILATES, NATURA","ETERO","cluster_4"
59,"DONNA","UNA PERSONA VIVACE, ESPRESSIVA, PREMUROSA E OTTIMISTA. AMO STARE IN COMPAGNIA, VIAGGIARE PER IL MONDO E CONDIVIDERE L'EMOZIONE DELLA SCOPERTA. UN TEMPO ERO UNA RAGAZZA TRADIZIONALISTA CHE HA SFIDATO IL SUO MONDO E SONO GRATA CHE LA VITA MI ABBIA RISERVATO ABBASTANZA IMPREVISTI DA INSEGNARMI A CAVALCARE L'ONDA!","IRONICA, SERIO","ARTE, MUSICA, DESIGN, CUCINARE","ETERO","cluster_4"
24,"UOMO","SONO NICK. NON SO MAI COSA SCRIVERE DI ME STESSO. E NON SONO SICURO DI COSA FARE CON LE MIE MANI. MI OCCUPO DI GRAFICA E WEB DESIGN. NON SONO QUASI MAI UNO STRONZO. SONO PRONTO A DISCUTERE FINO ALLO SFINIMENTO.","IRONICA",", FOTOGRAFIA, GRAFICA, SCRITTURA, MANGIARE","ETERO","cluster_4"
42,"UOMO",". I ​​MIEI AMICI MI DESCRIVEREBBERO COME UNA PERSONA ALLA MANO, UN PO' STRAMBA, RIFLESSIVA, COERENTE, ONESTA E AFFIDABILE. SO ESSERE SERIO QUANDO SERVE. NEL COMPLESSO, MI PIACE PENSARE DI CONDURRE LA MIA VITA FACENDO CIÒ CHE È ""GIUSTO"".","DESCRITTIVO, DIVERTENTE","VIAGGIARE, ARTE, DISEGNO","ETERO","cluster_4"
27,"UOMO","TUTTO CIÒ CHE HO IN QUESTO MONDO SONO LE MIE PALLE E LA MIA INTEGRITÀ E NESSUNO PUÒ PORTARTELE VIA FUMO E ALCOL SONO I MIEI VIZI... OH, E LA COMPAGNIA DELLE DONNE","SERIO, IRONICO","ALCOL, VITA NOTTURNA","ETERO","cluster_4"
39,"UOMO","PENSO TROPPO E PARLO TROPPO, MA SO QUANDO È IL MOMENTO DI STARE ZITTO. ","DESCRITTIVO","PALESTRA, LEGGERE, DIRITTI LGBTQ+","GAY","cluster_4"
30,"DONNA","DI SOLITO NON RIESCO A STARE FERMA E PENSO SEMPRE ALLA PROSSIMA COSA CHE VOGLIO FARE E AL PROSSIMO POSTO CHE VOGLIO VISITARE ED ESPLORARE. ","DESCRITTIVO","SNOWBOARD, VIAGGIARE","ETERO","cluster_0"
29,"UOMO","FREQUENTO PRINCIPALMENTE PERSONE ANCORA PIÙ NERD DI ME E, IN QUESTO SENSO, SONO L'ESTROVERSO DEL MIO GRUPPO DI AMICI. APPREZZO L'ONESTÀ E LA TRASPARENZA NEI RAPPORTI CON GLI ALTRI PIÙ DELL'ADULAZIONE RECIPROCA. SONO LEALE E AFFIDABILE, E AFFETTUOSO NELLE RELAZIONI SENZA ESSERE APPICCICOSO.","SERIO","MUSICA, BIRRA, CONCERTI","ETERO","cluster_4"
29,"DONNA","AMO VIAGGIARE, CIBO, MUSICA DAL VIVO.","SERIO, DESCRITTIVO"," SERIE TV,  SPORT, MUSICA","ETERO","cluster_0"
32,"UOMO","SONO UN APPASSIONATO DI SPORT E MANTENGO ANCORA IL MIO SPIRITO COMPETITIVO DAI TEMPI DELL'UNIVERSITÀ. NON MI INTERESSANO LA POLITICA E ALTRE STRONZATE, SOLO LA REALTÀ...","IRONICO","SPORT, VITA NOTTURNA, CUCINARE","ETERO","cluster_4"
32,"DONNA","""QUANDO CI RICORDIAMO CHE SIAMO TUTTI PAZZI, I MISTERI SCOMPAIONO E LA VITA TROVA UNA SPIEGAZIONE.""","CITAZIONE","LEGGERE, DOLCI, NUOTO","BISEX","cluster_1"
28,"DONNA","SONO UNA RAGAZZAA CUI PIACE VESTIRSI BENE E CURARE IL PROPRIO ASPETTO. MA PRATICAMENTE FINISCE QUI. HO UN ATTEGGIAMENTO MOLTO MASCHIACCIO.","DESCITTIVO","SKIN CARE, CURA DI SÈ","ETERO","cluster_4"
20,"DONNA","SONO UNA PERSONA MOLTO DIVERTENTE.","BREVE, DIVERTENTE","VITA NOTTURNA, MUSICA, SUSHI","ETERO","cluster_4"
33,"UOMO","PIGRO MA GRAN LAVORATORE, INCLINE A RIMUGINARE TROPPO E UN BUON COMPAGNO. ADORO LE BATTUTE PESSIME CHE PRENDONO IN GIRO TUTTO. COMPRO TANTISSIMI LIBRI, MA SOLO RARAMENTE RITROVO IL PIACERE DI UNA VOLTA. GUIDO SPESSO PIANO, MI PIACE MOLTO GUARDARMI INTORNO. AMO LE DONNE E I LORO OCCHI.","SERIO","LEGGERE, ANIME, MANGA","ETERO","cluster_4"
36,"DONNA","TUTTO CIÒ CHE DESIDERO NELLA VITA: STARE IN COMPAGNIA DI PERSONE INTELLIGENTI CHE FANNO COSE INTERESSANTI, E/O FARE COSE INTERESSANTI CON PERSONE INTELLIGENTI.","DESCRITTIVO","APERITIVO, MUSICA, BALLO","ETERO","cluster_0"
32,"UOMO","NON CONTA SOLO CHI INCONTRI, MA ANCHE COME LO INCONTRI. ANCHE SE NESSUNO LO SOSPETTEREBBE, SONO UN PO' TIMIDA. HO NOTATO CHE TUTTI CERCANO UNA PERSONA CALOROSA E APPASSIONATA, CHE AMI LA VITA. MENTRE CERCO DI DIVENTARLO, HO CAPITO CHE QUESTO SI PUÒ OTTENERE SOLO FACENDO PARTE DI QUALCOSA DI PIÙ GRANDE.","SERIO","COCKTAIL, VOLONTARIATO, VIAGGIARE, ","ETERO","cluster_2"
30,"UOMO","SONO SICURAMENTE PIÙ ALTO DI TE (MATCHAMI PER SCOPRIRE QUANTO). POI SONO UN TIPO ESUBERANTE E CHIACCHIERONE, MA ANCHE TIMIDO, A CUI PIACE USCIRE MA ANCHE STARE A CASA, NSOMMA NU BURDELL. MA SE TI PIACE PARLARE DAVANTI UN QUALSIASI ALCOLICO A DISPOSIZIONE","IRONICO","VIAGGI, MUSICA, CIBO","ETERO","cluster_4"
18,"UOMO","37 SMALTO BIANCO >>>","IRONICO","MUSICA, ANIMALI, TECHNO","ETERO","cluster_1"
18,"DONNA","MI PIACE LA GENTE IRONICA CREARE COSE E BERE VINO","DIRETTO","VIAGGI, MUSICA, SERIE TV/FILM, CIBO","ETERO","cluster_4"
31,"UOMO","TODARO CALDO A 3KM DA TE","AUTOIRONICO","VIAGGI, SERIE TV/FILM, CIBO, POLITICA","ETERO","cluster_3"
18,"DONNA","SCORPIONE COSI POTETE DIRE SUBITO CHE IL MIO SEGNO È UNA MERDA, NON È VERO QUELLO CHE DICONO DI NOI SIAMO PEGGIO","DIRETTO","VIAGGI, SERIE TV/FILM, ANIMALI","ETERO","cluster_1"
18,"DONNA","SE NON TI INTERESSA SOLO IL CALCIO POSSIAMO SPOSARCI","DIRETTO, PROVOCATORIO","VIAGGI, MUSICA","ETERO","cluster_3"
22,"UOMO","DIMMI CHE NON PREFERISCI MESSI A CRISTIANO","DIRETTO","SPORT/PALESTRA","BISEX","cluster_1"
22,"UOMO","“NON SO CUCINARE, MA SCELGO BENE I RISTORANTI.” “CERCO QUALCUNO CON CUI CONDIVIDERE MEME E PROBLEMI EMOTIVI LEGGERI.” “PIÙ SIMPATICO DAL VIVO. FORSE.”","PROVOCATORIO","MUSICA, SPORT/PALESTRA","ETERO","cluster_4"
22,"UOMO","“SE FAI RIDERE ME, OFFRO IO IL PRIMO DRINK.” “OCCHI CURIOSI, BATTUTE DISCUTIBILI, BUONE INTENZIONI.” “SWIPE A DESTRA E FINGIAMO DI DIRE AI NOSTRI AMICI CHE CI SIAMO CONOSCIUTI IN BIBLIOTECA.”","DIRETTO, SERIO","VIAGGI, MUSICA, CIBO","ETERO","cluster_1"
18,"DONNA","STUDIO PSICOLOGIA MA NON TI PSICANALIZZERÒ","IRONICO, ROMANTICO, PROVOCATORIO","VIAGGI, MUSICA","ETERO","cluster_1"
22,"DONNA","SE MI CONSIGLI UNA CANZONE CHE NON CONOSCO, HAI GIÀ FATTO METÀ DEL LAVORO","IRONICO, AUTOIRONICO","VIAGGI, MUSICA, CIBO","ETERO","cluster_1"
22,"DONNA","ENERGIA TRANQUILLA, MENTE IPERATTIVA E TROPPI BRANI SALVATI SU SPOTIFY.","IRONICO, AUTOIRONICO","VIAGGI, MUSICA, SPORT/PALESTRA,","ETERO","cluster_1"
18,"DONNA","ANDIAMO A DEI FUN DATES!!!","IRONICO, DIRETTO","VIAGGI, MUSICA, POLITICA","ETERO","cluster_1"
22,"UOMO","ETÀ, INTERESSI SPORTIVI, COSA FACCIO NELLA VITA","IRONICO","MUSICA, SPORT/PALESTRA","BISEX","cluster_4"
22,"DONNA","SONO ALTA QUANTO BASTA PER ESSERE ALL’ALTEZZA","IRONICO, DIRETTO, AUTOIRONICO","CIBO, ANIMALI","ETERO","cluster_1"
22,"DONNA","AMO LE ATTENZIONI E MI PIACE ESSERE CORTEGGIATA","DIRETTO","MUSICA, CIBO, VINO","BISEX","cluster_2"
22,"UOMO","STUDIO ECONOMIA, SONO SIMPATICO E BELLO","IRONICO, DIRETTO, AUTOIRONICO","MUSICA, CIBO, NATURA","ETERO","cluster_1"
18,"DONNA","SIMPATICA, ESTROVERSA E MOLTO IMPEGNATA, MA CI SI PUÒ SEMPRE ORGANIZZARE!","IRONICO, ROMANTICO, DIRETTO","VIAGGI, SPORT/PALESTRA","ETERO","cluster_4"
26,"DONNA","100KG DI SQUAT MI AUMENTA IL CULONE","AUTOIRONICO","VIAGGI, MUSICA, SERIE TV/FILM","ETERO","cluster_1"
18,"UOMO","PREFERISCO NON RISPONDERE","ROMANTICO, DIRETTO","VIAGGI, MUSICA, SPORT/PALESTRA, SERIE TV/FILM","ETERO","cluster_1"
22,"UOMO","IL PRIMO GIRO LO OFFRO SEMPRE IO","IRONICO, AUTOIRONICO","MUSICA, SERIE TV/FILM, ANIMALI","ETERO","cluster_1"
26,"DONNA","MI CHIAMO MANUELA, MI PIACE MOLTO VIAGGIARE E FARE NUOVE ESPERIENZE","IRONICO, AUTOIRONICO","VIAGGI, SPORT/PALESTRA, SERIE TV/FILM, CIBO","ETERO","cluster_0"
26,"UOMO","SPENDO TROPPI SOLDI IN CIBO E CONCERTI","IRONICO","SPORT/PALESTRA","ETERO","cluster_0"
22,"DONNA","SE AMI LA SPAGNA E BED BUNNY È SMASH","IRONICO, DIRETTO, SERIO","VIAGGI, MUSICA, SERIE TV/FILM","ETERO","cluster_1"
26,"DONNA","CERCO UNA PERSONA PIACEVOLO CON CUI FARE DUE CHIACCHERE E VEDERE DOVE VA A FINIRE SENZA TROPPI PIANI ","IRONICO","MUSICA","ETERO","cluster_0"
22,"UOMO","QUI PER FARE DUE CHIACCHIERE E VEDERE DOVE CI PORTA UN CAFFÈ","IRONICO, DIRETTO, PROVOCATORIO","MUSICA,  SERIE TV/FILM","ETERO","cluster_1"
26,"UOMO","SE AMI IL CIBO SIAMO GIÀ A BUON PUNTO","IRONICO, PROVOCATORIO","CIBO, ANIMALI","ETERO","cluster_1"
22,"DONNA","CERCO QUALCUNO CHE MI STRAVOLGA LA VITA (IN POSITIVO)","IRONICO","VIAGGI, SPORT/PALESTRA","ETERO","cluster_0"
22,"DONNA","SEMPRE IN GIRO AD ESPLORARE NUOVI POSTI","SERIO","SERIE TV/FILM, ANIMALI","ETERO","cluster_0"
18,"DONNA","CERCO QUALCUNO CON CUI CONDIVIDERE UN BUON CALICE DI VINO, ADORO PARLARE DI MUSICA","AUTOIRONICO","MUSICA, CIBO","BISEX","cluster_0"
18,"DONNA","AMO VIAGGIARE E FARE SPORT, CERCO UNA RELAZIONE SERIA PER COMPLETARE LA MIA VITA","DIRETTO","VIAGGI, MUSICA, , SERIE TV/FILM, CIBO","ETERO","cluster_0"
22,"DONNA","NON CERCO CHI MI COMPLETI MA CHI PUÒ PORTARE QUALCOSA IN PIÙ NELLA MIA VITA, NON CERCO ABITUDINI MA CHI OGNI GIORNO VUOLE SCOPRIRE SEMPRE COSE NUOVE","DIRETTO","VIAGGI, MUSICA, SPORT/PALESTRA,  CIBO","BISEX","cluster_2"
26,"UOMO","IN CERCA DI UNA GYMGIRL, CHE NON FUMI L'IQOS","ROMANTICO","VIAGGI","BISEX","cluster_2"
22,"DONNA","LIVELLO DI ASCOLTO 10/10 LIVELLO DI PERMALOSITÀ 11/10 PERÒ SONO MOLTO SIMPATICA E FACCIO BATTUTE DI MERDA","IRONICO, AUTOIRONICO","VIAGGI","ETERO","cluster_1"
22,"DONNA","STUDIO PSICOLOGIA, FACCIO BATTUTE QUANDO SONO A DISAGIO E NON SO SCRIVERE BIO.","AUTOIRONICO","UNIVERSITÀ/LAVORO","ETERO","cluster_1"
18,"DONNA","SU HINGE NON C'È PROPRIO UNA BIO, COME SPUNTI AVEVO: ANDREMO D'ACCORDO SE ABBIAMO GLI STESSI GUSTI MUSICALI, PENSO DI AVERE UN ANIMA COSÌ PURA CHE ANCHE UNA TIGRE SI LASCEREBBE ACCAREZZARE DA ME E IL TERZO SINCERAMENTE NON ME LO RICORDO","AUTOIRONICO","VIAGGI, MUSICA, ANIMALI","ETERO","cluster_1"
18,"DONNA","SONO SIMPATICA","ROMANTICO","SPORT/PALESTRA","ETERO","cluster_1"
26,"DONNA","SCORPIO BABY","IRONICO, PROVOCATORIO","VIAGGI, CIBO","ETERO","cluster_1"
21,"DONNA","TI SPOMPINEI QUANDO VUOI","PROVOCATORIO","VIAGGI, SERIE TV/FILM","BISEX","cluster_3"
22,"DONNA","MI PIACE MOLTO VIAGGIARE E ASCOLTARE LA MUSICA, CERCO QUALCUNO CON CUI CONDIVIDERE QUESTE MIE DUE GRANDI PASSIONI","IRONICO, SERIO","VIAGGI, CIBO","ETERO","cluster_0"
18,"DONNA","SONO SIMPY","IRONICO, PROVOCATORIO","VIAGGI, SPORT/PALESTRA,  SERIE TV/FILM, CIBO","ETERO","cluster_1"
22,"DONNA","LA MIA RELAZIONE IDEALE DEVE ESSERE 50 E 50: IO PARLO DI ME E TU MI ASCOLTI CON INTERESSE","IRONICO, AUTOIRONICO","UNIVERSITÀ/LAVORO, SERIE TV/FILM","ETERO","cluster_1"
18,"DONNA","LUOGO DI ABITAZIONE, NOME, HOBBY","IRONICO, DIRETTO, PROVOCATORIO, SERIO","CIBO, ANIMALI","ETERO","cluster_0"
22,"DONNA","CIAO SONO SOFIA , AMO I GATTI , I FILM , LA MUSICA XOXO","IRONICO","VIAGGI, MUSICA","ETERO","cluster_3"
26,"UOMO","MASCHIO CIS ETERO BASIC PREDATORE","IRONICO, DIRETTO, PROVOCATORIO","MUSICA, PALESTRA, CALCIO","ETERO","cluster_1"
22,"DONNA","CURIOSO, IRONICO E SEMPRE PRONTO A PARTIRE PER UN WEEKEND IMPROVVISATO. LAVORO TROPPO CON IL CERVELLO, QUINDI NEL TEMPO LIBERO COMPENSO CON BUON CIBO, PALESTRA E CONVERSAZIONI CHE NON SEMBRANO INTERROGATORI.","IRONICO","VIAGGI, MUSICA, NATURA","ETERO","cluster_4"
26,"UOMO","LAVORO MOLTO E GIRO SPESSO, MA TROVO SEMPRE IL TEMPO PER UN BUON CAFFÈ O UNA BIRRA IN COMPAGNIA. SE ANCHE TU PENSI CHE IL PRIMO APPUNTAMENTO NON DEBBA PER FORZA ESSERE UN INTERROGATORIO, SIAMO GIÀ A BUON PUNTO.","IRONICO, DIRETTO, AUTOIRONICO","MUSICA, SERIE TV/FILM, POLITICA","ETERO","cluster_4"
22,"DONNA","NON SAPEREI","SERIO","ANIMALI","ETERO","cluster_1"
22,"UOMO","VIAGGIATORE E FILANTROPO","DIRETTO, SERIO","VIAGGI, SERIE TV/FILM, POLITICA","ETERO","cluster_0"
22,"DONNA","POCHE PRETESE: CERCO UNA CONNESSIONE REALE, ZERO GIOCHI MENTALI E TANTE RISATE. BONUS POINT SE SAI SOSTENERE UNA CONVERSAZIONE E NON SARAI IL PROSSIMO CAPITOLO DELLA MIA SERIE PODCAST.","IRONICO, ROMANTICO","VIAGGI, MUSICA, SPORT/PALESTRA, SERIE TV/FILM, CIBO, ANIMALI","ETERO","cluster_1"
22,"DONNA","SONO “X”, HO “X ANNI”, NELLA VITA FACCIO “X”, MI PIACCIONO QUESTE COSE","DIRETTO","CIBO, NATURA, MOTO","ETERO","cluster_4"
18,"DONNA","ODIO I CRISTIANI CON IL ROLEX","IRONICO, PROVOCATORIO","VIAGGI, MUSICA, POLITICA","ETERO","cluster_2"
26,"UOMO","NON SO FARE LA CARBONARA E NON MI SONO ROTTO IL CROCIATO","PROVOCATORIO","VIAGGI, SERIE TV/FILM","ETERO","cluster_2"
22,"DONNA"," MI AFFASCINANO I PERCORSI CHE LASCIANO IL SEGNO: QUELLI DENTRO LE PERSONE E QUELLI CHE ATTRAVERSANO IL MONDO. ","PROVOCATORIO, SERIO","VIAGGI, MUSICA, SPORT/PALESTRA,","ETERO","cluster_0"
